Channel,Band,RX Frequency,TX Frequency,CTCSS/DCS Dec,CTCSS/DCS Enc,TX Power,W/N,PTT-ID,BusyLock,Scan_Add,SigCode,CH-Name
1,UHF,462.562500,462.562500,None,None,High,Wide,None,Yes,Yes,1,GMRS 01
2,UHF,462.587500,462.587500,None,None,High,Wide,None,Yes,Yes,1,GMRS 02
3,UHF,462.612500,462.612500,None,None,High,Wide,None,Yes,Yes,1,GMRS 03
4,UHF,462.637500,462.637500,None,None,High,Wide,None,Yes,Yes,1,GMRS 04
5,UHF,462.662500,462.662500,None,None,High,Wide,None,Yes,Yes,1,GMRS 05
6,UHF,462.687500,462.687500,None,None,High,Wide,None,Yes,Yes,1,GMRS 06
7,UHF,462.712500,462.712500,None,None,High,Wide,None,Yes,Yes,1,GMRS 07
8,UHF,467.562500,467.562500,None,None,Low,Narrow,None,Yes,Yes,1,GMRS 08
9,UHF,467.587500,467.587500,None,None,Low,Narrow,None,Yes,Yes,1,GMRS 09
10,UHF,467.612500,467.612500,None,None,Low,Narrow,None,Yes,Yes,1,GMRS 10
11,UHF,467.637500,467.637500,None,None,Low,Narrow,None,Yes,Yes,1,GMRS 11
12,UHF,467.662500,467.662500,None,None,Low,Narrow,None,Yes,Yes,1,GMRS 12
13,UHF,467.687500,467.687500,None,None,Low,Narrow,None,Yes,Yes,1,GMRS 13
14,UHF,467.712500,467.712500,None,None,Low,Narrow,None,Yes,Yes,1,GMRS 14
15,UHF,462.550000,462.550000,None,None,High,Wide,None,Yes,Yes,1,GMRS 15
16,UHF,462.575000,462.575000,None,None,High,Wide,None,Yes,Yes,1,GMRS 16
17,UHF,462.600000,462.600000,None,None,High,Wide,None,Yes,Yes,1,GMRS 17
18,UHF,462.625000,462.625000,None,None,High,Wide,None,Yes,Yes,1,GMRS 18
19,UHF,462.650000,462.650000,None,None,High,Wide,None,Yes,Yes,1,GMRS 19
20,UHF,462.675000,462.675000,None,None,High,Wide,None,Yes,Yes,1,GMRS 20
21,UHF,462.700000,462.700000,None,None,High,Wide,None,Yes,Yes,1,GMRS 21
22,UHF,462.725000,462.725000,None,None,High,Wide,None,Yes,Yes,1,GMRS 22
23,UHF,462.550000,467.550000,None,None,High,Wide,None,Yes,Yes,1,GMRS RPT 1
24,UHF,462.575000,467.575000,None,None,High,Wide,None,Yes,Yes,1,GMRS RPT 2
25,UHF,462.600000,467.600000,None,None,High,Wide,None,Yes,Yes,1,GMRS RPT 3
26,UHF,462.625000,467.625000,None,None,High,Wide,None,Yes,Yes,1,GMRS RPT 4
27,UHF,462.650000,467.650000,None,None,High,Wide,None,Yes,Yes,1,GMRS RPT 5
28,UHF,462.675000,467.675000,None,None,High,Wide,None,Yes,Yes,1,GMRS RPT 6
29,UHF,462.700000,467.700000,None,None,High,Wide,None,Yes,Yes,1,GMRS RPT 7
30,UHF,462.725000,467.725000,None,None,High,Wide,None,Yes,Yes,1,GMRS RPT 8
31,UHF,462.550000,467.550000,None,None,High,Wide,None,Yes,No,1,GMRS DIY 1
32,UHF,462.575000,467.575000,None,None,High,Wide,None,Yes,No,1,GMRS DIY 2
33,UHF,462.600000,467.600000,None,None,High,Wide,None,Yes,No,1,GMRS DIY 3
34,UHF,462.625000,467.625000,None,None,High,Wide,None,Yes,No,1,GMRS DIY 4
35,UHF,462.650000,467.650000,None,None,High,Wide,None,Yes,No,1,GMRS DIY 5
36,UHF,462.675000,467.675000,None,None,High,Wide,None,Yes,No,1,GMRS DIY 6
37,UHF,462.700000,467.700000,None,None,High,Wide,None,Yes,No,1,GMRS DIY 7
38,UHF,462.725000,467.725000,None,None,High,Wide,None,Yes,No,1,GMRS DIY 8
39,UHF,462.550000,467.550000,None,None,High,Wide,None,Yes,No,1,GMRS DIY 9
40,UHF,462.575000,467.575000,None,None,High,Wide,None,Yes,No,1,GMRS DIY 10
41,UHF,462.600000,467.600000,None,None,High,Wide,None,Yes,No,1,GMRS DIY 11
42,UHF,462.625000,467.625000,None,None,High,Wide,None,Yes,No,1,GMRS DIY 12
43,UHF,462.650000,467.650000,None,None,High,Wide,None,Yes,No,1,GMRS DIY 13
44,UHF,462.675000,467.675000,None,None,High,Wide,None,Yes,No,1,GMRS DIY 14
45,UHF,462.700000,467.700000,None,None,High,Wide,None,Yes,No,1,GMRS DIY 15
46,UHF,462.725000,467.725000,None,None,High,Wide,None,Yes,No,1,GMRS DIY 16
47,UHF,462.550000,467.550000,None,None,High,Wide,None,Yes,No,1,GMRS DIY 17
48,UHF,462.575000,467.575000,None,None,High,Wide,None,Yes,No,1,GMRS DIY 18
49,UHF,462.600000,467.600000,None,None,High,Wide,None,Yes,No,1,GMRS DIY 19
50,UHF,462.625000,467.625000,None,None,High,Wide,None,Yes,No,1,GMRS DIY 20
51,UHF,462.650000,467.650000,None,None,High,Wide,None,Yes,No,1,GMRS DIY 21
52,UHF,462.675000,467.675000,None,None,High,Wide,None,Yes,No,1,GMRS DIY 22
53,UHF,462.700000,467.700000,None,None,High,Wide,None,Yes,No,1,GMRS DIY 23
54,UHF,462.725000,467.725000,None,None,High,Wide,None,Yes,No,1,GMRS DIY 24
55,UHF,462.550000,462.550000,None,None,High,Wide,None,Yes,Yes,1,FAMILY PRIMARY
56,UHF,462.575000,462.575000,None,None,High,Wide,None,Yes,Yes,1,FAMILY ALT
57,UHF,462.600000,462.600000,None,None,High,Wide,None,Yes,Yes,1,CONVOY
58,UHF,462.625000,462.625000,None,None,High,Wide,None,Yes,Yes,1,BASE CAMP
59,UHF,462.650000,462.650000,None,None,High,Wide,None,Yes,Yes,1,RECOVERY
60,UHF,462.675000,462.675000,None,None,High,Wide,None,Yes,Yes,1,MEDICAL
61,UHF,462.700000,462.700000,None,None,High,Wide,None,Yes,Yes,1,CHECK IN
62,UHF,462.725000,462.725000,None,None,High,Wide,None,Yes,Yes,1,EMERGENCY
63,UHF,462.562500,462.562500,None,None,High,Wide,None,Yes,Yes,1,GROUP A
64,UHF,462.587500,462.587500,None,None,High,Wide,None,Yes,Yes,1,GROUP B
65,VHF,162.400000,162.400000,None,None,Low,Wide,None,Yes,Yes,1,NOAA WX 1
66,VHF,162.425000,162.425000,None,None,Low,Wide,None,Yes,Yes,1,NOAA WX 2
67,VHF,162.450000,162.450000,None,None,Low,Wide,None,Yes,Yes,1,NOAA WX 3
68,VHF,162.475000,162.475000,None,None,Low,Wide,None,Yes,Yes,1,NOAA WX 4
69,VHF,162.500000,162.500000,None,None,Low,Wide,None,Yes,Yes,1,NOAA WX 5
70,VHF,162.525000,162.525000,None,None,Low,Wide,None,Yes,Yes,1,NOAA WX 6
71,VHF,162.550000,162.550000,None,None,Low,Wide,None,Yes,Yes,1,NOAA WX 7
72,VHF,151.820000,151.820000,None,None,Low,Narrow,None,Yes,Yes,1,MURS 1
73,VHF,151.880000,151.880000,None,None,Low,Narrow,None,Yes,Yes,1,MURS 2
74,VHF,151.940000,151.940000,None,None,Low,Narrow,None,Yes,Yes,1,MURS 3
75,VHF,154.570000,154.570000,None,None,Low,Narrow,None,Yes,Yes,1,MURS 4
76,VHF,154.600000,154.600000,None,None,Low,Narrow,None,Yes,Yes,1,MURS 5
77,VHF,146.520000,146.520000,None,None,High,Wide,None,Yes,Yes,1,2M CALL
78,VHF,146.550000,146.550000,None,None,High,Wide,None,Yes,Yes,1,2M ALT1
79,VHF,146.580000,146.580000,None,None,High,Wide,None,Yes,Yes,1,2M ALT2
80,VHF,147.420000,147.420000,None,None,High,Wide,None,Yes,Yes,1,2M AUX1
81,UHF,446.000000,446.000000,None,None,High,Wide,None,Yes,Yes,1,70CM CALL
82,UHF,446.025000,446.025000,None,None,High,Wide,None,Yes,Yes,1,70CM ALT1
83,UHF,446.050000,446.050000,None,None,High,Wide,None,Yes,Yes,1,70CM ALT2
84,UHF,446.075000,446.075000,None,None,High,Wide,None,Yes,Yes,1,70CM AUX1
85,VHF,121.500000,121.500000,None,None,Low,Narrow,None,Yes,Yes,1,AIR EMERGENCY
86,VHF,122.800000,122.800000,None,None,Low,Narrow,None,Yes,Yes,1,AIR UNICOM
87,VHF,156.800000,156.800000,None,None,Low,Narrow,None,Yes,Yes,1,MARINE 16
88,VHF,157.100000,157.100000,None,None,Low,Narrow,None,Yes,Yes,1,MARINE 22A
89,VHF,160.215000,160.215000,None,None,Low,Narrow,None,Yes,Yes,1,RAIL AAR 07
90,VHF,144.000000,144.000000,None,None,Low,Narrow,None,Yes,No,1,RESERVED 90
91,VHF,144.000000,144.000000,None,None,Low,Narrow,None,Yes,No,1,RESERVED 91
92,VHF,144.000000,144.000000,None,None,Low,Narrow,None,Yes,No,1,RESERVED 92
93,VHF,144.000000,144.000000,None,None,Low,Narrow,None,Yes,No,1,RESERVED 93
94,VHF,144.000000,144.000000,None,None,Low,Narrow,None,Yes,No,1,RESERVED 94
95,VHF,144.000000,144.000000,None,None,Low,Narrow,None,Yes,No,1,RESERVED 95
96,VHF,144.000000,144.000000,None,None,Low,Narrow,None,Yes,No,1,RESERVED 96
97,VHF,144.000000,144.000000,None,None,Low,Narrow,None,Yes,No,1,RESERVED 97
98,VHF,144.000000,144.000000,None,None,Low,Narrow,None,Yes,No,1,RESERVED 98
99,VHF,144.000000,144.000000,None,None,Low,Narrow,None,Yes,No,1,RESERVED 99
100,VHF,144.000000,144.000000,None,None,Low,Narrow,None,Yes,No,1,RESERVED 100
101,VHF,144.000000,144.000000,None,None,Low,Narrow,None,Yes,No,1,RESERVED 101
102,VHF,144.000000,144.000000,None,None,Low,Narrow,None,Yes,No,1,RESERVED 102
103,VHF,144.000000,144.000000,None,None,Low,Narrow,None,Yes,No,1,RESERVED 103
104,VHF,144.000000,144.000000,None,None,Low,Narrow,None,Yes,No,1,RESERVED 104
105,VHF,144.000000,144.000000,None,None,Low,Narrow,None,Yes,No,1,RESERVED 105
106,VHF,144.000000,144.000000,None,None,Low,Narrow,None,Yes,No,1,RESERVED 106
107,VHF,144.000000,144.000000,None,None,Low,Narrow,None,Yes,No,1,RESERVED 107
108,VHF,144.000000,144.000000,None,None,Low,Narrow,None,Yes,No,1,RESERVED 108
109,VHF,144.000000,144.000000,None,None,Low,Narrow,None,Yes,No,1,RESERVED 109
110,VHF,144.000000,144.000000,None,None,Low,Narrow,None,Yes,No,1,RESERVED 110
111,VHF,144.000000,144.000000,None,None,Low,Narrow,None,Yes,No,1,RESERVED 111
112,VHF,144.000000,144.000000,None,None,Low,Narrow,None,Yes,No,1,RESERVED 112
113,VHF,144.000000,144.000000,None,None,Low,Narrow,None,Yes,No,1,RESERVED 113
114,VHF,144.000000,144.000000,None,None,Low,Narrow,None,Yes,No,1,RESERVED 114
115,VHF,144.000000,144.000000,None,None,Low,Narrow,None,Yes,No,1,RESERVED 115
116,VHF,144.000000,144.000000,None,None,Low,Narrow,None,Yes,No,1,RESERVED 116
117,VHF,144.000000,144.000000,None,None,Low,Narrow,None,Yes,No,1,RESERVED 117
118,VHF,144.000000,144.000000,None,None,Low,Narrow,None,Yes,No,1,RESERVED 118
119,VHF,144.000000,144.000000,None,None,Low,Narrow,None,Yes,No,1,RESERVED 119
120,VHF,144.000000,144.000000,None,None,Low,Narrow,None,Yes,No,1,RESERVED 120
121,VHF,144.000000,144.000000,None,None,Low,Narrow,None,Yes,No,1,RESERVED 121
122,VHF,144.000000,144.000000,None,None,Low,Narrow,None,Yes,No,1,RESERVED 122
123,VHF,144.000000,144.000000,None,None,Low,Narrow,None,Yes,No,1,RESERVED 123
124,VHF,144.000000,144.000000,None,None,Low,Narrow,None,Yes,No,1,RESERVED 124
125,VHF,144.000000,144.000000,None,None,Low,Narrow,None,Yes,No,1,RESERVED 125
126,VHF,144.000000,144.000000,None,None,Low,Narrow,None,Yes,No,1,RESERVED 126
127,VHF,144.000000,144.000000,None,None,Low,Narrow,None,Yes,No,1,RESERVED 127
128,VHF,144.000000,144.000000,None,None,Low,Narrow,None,Yes,No,1,RESERVED 128
