Location,Name,Frequency,Duplex,Offset,Tone,rToneFreq,cToneFreq,DtcsCode,DtcsPolarity,RxDtcsCode,CrossMode,Mode,TStep,Skip,Power,Comment,URCALL,RPT1CALL,RPT2CALL,DVCODE
1,CH.-1,462.562500,,0.600000,,88.5,88.5,023,NN,023,Tone->Tone,FM,5.00,,3.0W,,,,,
2,CH.-2,462.587500,,0.600000,,88.5,88.5,023,NN,023,Tone->Tone,FM,5.00,,3.0W,,,,,
3,CH.-3,462.612500,,0.600000,,88.5,88.5,023,NN,023,Tone->Tone,FM,5.00,,3.0W,,,,,
4,CH.-4,462.637500,,0.600000,,88.5,88.5,023,NN,023,Tone->Tone,FM,5.00,,3.0W,,,,,
5,CH.-5,462.662500,,0.600000,,88.5,88.5,023,NN,023,Tone->Tone,FM,5.00,,3.0W,,,,,
6,CH.-6,462.687500,,0.600000,,88.5,88.5,023,NN,023,Tone->Tone,FM,5.00,,3.0W,,,,,
7,CH.-7,462.712500,,0.600000,,88.5,88.5,023,NN,023,Tone->Tone,FM,5.00,,3.0W,,,,,
8,SHTF 1,467.562500,off,0.600000,TSQL,88.5,100.0,023,NN,023,Tone->Tone,NFM,5.00,,0.5W,,,,,
9,SHTF 2,467.587500,off,0.600000,TSQL,88.5,196.6,023,NN,023,Tone->Tone,NFM,5.00,,0.5W,,,,,
10,SHTF 3,467.612500,off,0.600000,TSQL,88.5,67.0,023,NN,023,Tone->Tone,NFM,5.00,,0.5W,,,,,
11,GENCOM,467.637500,off,0.600000,TSQL,88.5,250.3,023,NN,023,Tone->Tone,NFM,5.00,,0.5W,,,,,
12,CH.-12,467.662500,off,0.600000,,88.5,88.5,023,NN,023,Tone->Tone,NFM,5.00,,0.5W,,,,,
13,CH.-13,467.687500,off,0.600000,,88.5,88.5,023,NN,023,Tone->Tone,NFM,5.00,,0.5W,,,,,
14,CH.-14,467.712500,off,0.600000,,88.5,88.5,023,NN,023,Tone->Tone,NFM,5.00,,0.5W,,,,,
15,CH.-15,462.550000,,0.600000,,88.5,88.5,023,NN,023,Tone->Tone,FM,5.00,,3.0W,,,,,
16,CH.-16,462.575000,,0.600000,,88.5,88.5,023,NN,023,Tone->Tone,FM,5.00,,3.0W,,,,,
17,CH.-17,462.600000,,0.600000,,88.5,88.5,023,NN,023,Tone->Tone,FM,5.00,,3.0W,,,,,
18,BP GAS,462.625000,,0.600000,TSQL,88.5,167.9,023,NN,023,Tone->Tone,FM,5.00,,3.0W,,,,,
19,CAMP1,462.650000,,0.600000,TSQL,88.5,123.0,023,NN,023,Tone->Tone,FM,5.00,,3.0W,,,,,
20,CAMP2,462.675000,,0.600000,TSQL,88.5,167.9,023,NN,023,Tone->Tone,FM,5.00,,3.0W,,,,,
21,OVER1,462.700000,,0.600000,TSQL,88.5,123.0,023,NN,023,Tone->Tone,FM,5.00,,3.0W,,,,,
22,OVER2,462.725000,,0.600000,TSQL,88.5,167.9,023,NN,023,Tone->Tone,FM,5.00,,3.0W,,,,,
23,RPT-1,462.550000,+,5.000000,,88.5,88.5,023,NN,023,Tone->Tone,FM,5.00,,3.0W,,,,,
24,RPT-2,462.575000,+,5.000000,,88.5,88.5,023,NN,023,Tone->Tone,FM,5.00,,3.0W,,,,,
25,RPT-3,462.600000,+,5.000000,,88.5,88.5,023,NN,023,Tone->Tone,FM,5.00,,3.0W,,,,,
26,RPT-4,462.625000,+,5.000000,,88.5,88.5,023,NN,023,Tone->Tone,FM,5.00,,3.0W,,,,,
27,RPT-5,462.650000,+,5.000000,,88.5,88.5,023,NN,023,Tone->Tone,FM,5.00,,3.0W,,,,,
28,RPT-6,462.675000,+,5.000000,,88.5,88.5,023,NN,023,Tone->Tone,FM,5.00,,3.0W,,,,,
29,RPT-7,462.700000,+,5.000000,,88.5,88.5,023,NN,023,Tone->Tone,FM,5.00,,3.0W,,,,,
30,RPT-8,462.725000,+,5.000000,,88.5,88.5,023,NN,023,Tone->Tone,FM,5.00,,3.0W,,,,,
31,DIY-1,462.550000,+,5.000000,TSQL,88.5,67.0,023,NN,023,Tone->Tone,FM,5.00,,3.0W,,,,,
32,DIY-2,462.575000,+,5.000000,DTCS,88.5,88.5,023,NN,023,Tone->Tone,FM,5.00,,3.0W,,,,,
33,DIY-3,462.600000,+,5.000000,,88.5,88.5,023,NN,023,Tone->Tone,FM,5.00,,3.0W,,,,,
34,DIY-4,462.625000,+,5.000000,,88.5,88.5,023,NN,023,Tone->Tone,FM,5.00,,3.0W,,,,,
35,DIY-5,462.650000,+,5.000000,,88.5,88.5,023,NN,023,Tone->Tone,FM,5.00,,3.0W,,,,,
36,DIY-6,462.675000,+,5.000000,,88.5,88.5,023,NN,023,Tone->Tone,FM,5.00,,3.0W,,,,,
37,DIY-7,462.700000,+,5.000000,,88.5,88.5,023,NN,023,Tone->Tone,FM,5.00,,3.0W,,,,,
38,DIY-8,462.725000,+,5.000000,,88.5,88.5,023,NN,023,Tone->Tone,FM,5.00,,3.0W,,,,,
39,DIY-9,462.550000,+,5.000000,,88.5,88.5,023,NN,023,Tone->Tone,FM,5.00,,3.0W,,,,,
40,DIY-10,462.575000,+,5.000000,,88.5,88.5,023,NN,023,Tone->Tone,FM,5.00,,3.0W,,,,,
41,DIY-11,462.600000,+,5.000000,,88.5,88.5,023,NN,023,Tone->Tone,FM,5.00,,3.0W,,,,,
42,DIY-12,462.625000,+,5.000000,,88.5,88.5,023,NN,023,Tone->Tone,FM,5.00,,3.0W,,,,,
43,DIY-13,462.650000,+,5.000000,,88.5,88.5,023,NN,023,Tone->Tone,FM,5.00,,3.0W,,,,,
44,DIY-14,462.675000,+,5.000000,,88.5,88.5,023,NN,023,Tone->Tone,FM,5.00,,3.0W,,,,,
45,DIY-15,462.700000,+,5.000000,,88.5,88.5,023,NN,023,Tone->Tone,FM,5.00,,3.0W,,,,,
46,DIY-16,462.725000,+,5.000000,,88.5,88.5,023,NN,023,Tone->Tone,FM,5.00,,3.0W,,,,,
47,DIY-17,462.550000,+,5.000000,,88.5,88.5,023,NN,023,Tone->Tone,FM,5.00,,3.0W,,,,,
48,DIY-18,462.575000,+,5.000000,,88.5,88.5,023,NN,023,Tone->Tone,FM,5.00,,3.0W,,,,,
49,DIY-19,462.600000,+,5.000000,,88.5,88.5,023,NN,023,Tone->Tone,FM,5.00,,3.0W,,,,,
50,DIY-BP,462.625000,+,5.000000,,88.5,88.5,023,NN,023,Tone->Tone,FM,5.00,,3.0W,,,,,
51,DIY-C1,462.650000,+,5.000000,,88.5,88.5,023,NN,023,Tone->Tone,FM,5.00,,3.0W,,,,,
52,DIY-C2,462.675000,+,5.000000,,88.5,88.5,023,NN,023,Tone->Tone,FM,5.00,,3.0W,,,,,
53,DIY-O1,462.700000,+,5.000000,,88.5,88.5,023,NN,023,Tone->Tone,FM,5.00,,3.0W,,,,,
54,DIY-O2,462.725000,+,5.000000,,88.5,88.5,023,NN,023,Tone->Tone,FM,5.00,,3.0W,,,,,
55,MN EMS,460.275000,off,0.000000,,88.5,88.5,023,NN,023,Tone->Tone,FM,5.00,,3.0W,,,,,
56,EPFIRE,151.047500,off,0.000000,,88.5,88.5,023,NN,023,Tone->Tone,FM,5.00,,3.0W,,,,,
57,SLPREP,146.760000,off,0.000000,,88.5,88.5,023,NN,023,Tone->Tone,FM,5.00,,3.0W,,,,,
58,SLPREP,444.100000,off,0.000000,,88.5,88.5,023,NN,023,Tone->Tone,FM,5.00,,3.0W,,,,,
