nsc_id,sequence,bank,service,purpose,name_long,name_short,rx_frequency,tx_frequency,tone_decode,tone_encode,bandwidth,power_policy,receive_only,license_dependency,status,scan_policy,notes
NSC-001,1,01 GMRS Standard,GMRS,Standard GMRS channel 1,GMRS 01,G01,462.562500,462.562500,,,FM,HIGH,NO,GMRS; Part 95E-certified transmitter required,SELECTED,INCLUDE,Canonical nationwide GMRS channel.
NSC-002,2,01 GMRS Standard,GMRS,Standard GMRS channel 2,GMRS 02,G02,462.587500,462.587500,,,FM,HIGH,NO,GMRS; Part 95E-certified transmitter required,SELECTED,INCLUDE,Canonical nationwide GMRS channel.
NSC-003,3,01 GMRS Standard,GMRS,Standard GMRS channel 3,GMRS 03,G03,462.612500,462.612500,,,FM,HIGH,NO,GMRS; Part 95E-certified transmitter required,SELECTED,INCLUDE,Canonical nationwide GMRS channel.
NSC-004,4,01 GMRS Standard,GMRS,Standard GMRS channel 4,GMRS 04,G04,462.637500,462.637500,,,FM,HIGH,NO,GMRS; Part 95E-certified transmitter required,SELECTED,INCLUDE,Canonical nationwide GMRS channel.
NSC-005,5,01 GMRS Standard,GMRS,Standard GMRS channel 5,GMRS 05,G05,462.662500,462.662500,,,FM,HIGH,NO,GMRS; Part 95E-certified transmitter required,SELECTED,INCLUDE,Canonical nationwide GMRS channel.
NSC-006,6,01 GMRS Standard,GMRS,Standard GMRS channel 6,GMRS 06,G06,462.687500,462.687500,,,FM,HIGH,NO,GMRS; Part 95E-certified transmitter required,SELECTED,INCLUDE,Canonical nationwide GMRS channel.
NSC-007,7,01 GMRS Standard,GMRS,Standard GMRS channel 7,GMRS 07,G07,462.712500,462.712500,,,FM,HIGH,NO,GMRS; Part 95E-certified transmitter required,SELECTED,INCLUDE,Canonical nationwide GMRS channel.
NSC-008,8,01 GMRS Standard,GMRS,Standard GMRS channel 8,GMRS 08,G08,467.562500,467.562500,,,NFM,LOW,NO,GMRS; Part 95E-certified transmitter required,SELECTED,INCLUDE,Canonical nationwide GMRS channel.
NSC-009,9,01 GMRS Standard,GMRS,Standard GMRS channel 9,GMRS 09,G09,467.587500,467.587500,,,NFM,LOW,NO,GMRS; Part 95E-certified transmitter required,SELECTED,INCLUDE,Canonical nationwide GMRS channel.
NSC-010,10,01 GMRS Standard,GMRS,Standard GMRS channel 10,GMRS 10,G10,467.612500,467.612500,,,NFM,LOW,NO,GMRS; Part 95E-certified transmitter required,SELECTED,INCLUDE,Canonical nationwide GMRS channel.
NSC-011,11,01 GMRS Standard,GMRS,Standard GMRS channel 11,GMRS 11,G11,467.637500,467.637500,,,NFM,LOW,NO,GMRS; Part 95E-certified transmitter required,SELECTED,INCLUDE,Canonical nationwide GMRS channel.
NSC-012,12,01 GMRS Standard,GMRS,Standard GMRS channel 12,GMRS 12,G12,467.662500,467.662500,,,NFM,LOW,NO,GMRS; Part 95E-certified transmitter required,SELECTED,INCLUDE,Canonical nationwide GMRS channel.
NSC-013,13,01 GMRS Standard,GMRS,Standard GMRS channel 13,GMRS 13,G13,467.687500,467.687500,,,NFM,LOW,NO,GMRS; Part 95E-certified transmitter required,SELECTED,INCLUDE,Canonical nationwide GMRS channel.
NSC-014,14,01 GMRS Standard,GMRS,Standard GMRS channel 14,GMRS 14,G14,467.712500,467.712500,,,NFM,LOW,NO,GMRS; Part 95E-certified transmitter required,SELECTED,INCLUDE,Canonical nationwide GMRS channel.
NSC-015,15,01 GMRS Standard,GMRS,Standard GMRS channel 15,GMRS 15,G15,462.550000,462.550000,,,FM,HIGH,NO,GMRS; Part 95E-certified transmitter required,SELECTED,INCLUDE,Canonical nationwide GMRS channel.
NSC-016,16,01 GMRS Standard,GMRS,Standard GMRS channel 16,GMRS 16,G16,462.575000,462.575000,,,FM,HIGH,NO,GMRS; Part 95E-certified transmitter required,SELECTED,INCLUDE,Canonical nationwide GMRS channel.
NSC-017,17,01 GMRS Standard,GMRS,Standard GMRS channel 17,GMRS 17,G17,462.600000,462.600000,,,FM,HIGH,NO,GMRS; Part 95E-certified transmitter required,SELECTED,INCLUDE,Canonical nationwide GMRS channel.
NSC-018,18,01 GMRS Standard,GMRS,Standard GMRS channel 18,GMRS 18,G18,462.625000,462.625000,,,FM,HIGH,NO,GMRS; Part 95E-certified transmitter required,SELECTED,INCLUDE,Canonical nationwide GMRS channel.
NSC-019,19,01 GMRS Standard,GMRS,Standard GMRS channel 19,GMRS 19,G19,462.650000,462.650000,,,FM,HIGH,NO,GMRS; Part 95E-certified transmitter required,SELECTED,INCLUDE,Canonical nationwide GMRS channel.
NSC-020,20,01 GMRS Standard,GMRS,Standard GMRS channel 20,GMRS 20,G20,462.675000,462.675000,,,FM,HIGH,NO,GMRS; Part 95E-certified transmitter required,SELECTED,INCLUDE,Canonical nationwide GMRS channel.
NSC-021,21,01 GMRS Standard,GMRS,Standard GMRS channel 21,GMRS 21,G21,462.700000,462.700000,,,FM,HIGH,NO,GMRS; Part 95E-certified transmitter required,SELECTED,INCLUDE,Canonical nationwide GMRS channel.
NSC-022,22,01 GMRS Standard,GMRS,Standard GMRS channel 22,GMRS 22,G22,462.725000,462.725000,,,FM,HIGH,NO,GMRS; Part 95E-certified transmitter required,SELECTED,INCLUDE,Canonical nationwide GMRS channel.
NSC-023,23,02 GMRS Repeater,GMRS,Generic GMRS repeater pair 1,GMRS RPT 1,RPT1,462.550000,467.550000,,,FM,HIGH,NO,GMRS; repeater permission and verified access tone required,TEMPLATE,SKIP,Transmit remains inhibited in test exports until a repeater and access tone are verified.
NSC-024,24,02 GMRS Repeater,GMRS,Generic GMRS repeater pair 2,GMRS RPT 2,RPT2,462.575000,467.575000,,,FM,HIGH,NO,GMRS; repeater permission and verified access tone required,TEMPLATE,SKIP,Transmit remains inhibited in test exports until a repeater and access tone are verified.
NSC-025,25,02 GMRS Repeater,GMRS,Generic GMRS repeater pair 3,GMRS RPT 3,RPT3,462.600000,467.600000,,,FM,HIGH,NO,GMRS; repeater permission and verified access tone required,TEMPLATE,SKIP,Transmit remains inhibited in test exports until a repeater and access tone are verified.
NSC-026,26,02 GMRS Repeater,GMRS,Generic GMRS repeater pair 4,GMRS RPT 4,RPT4,462.625000,467.625000,,,FM,HIGH,NO,GMRS; repeater permission and verified access tone required,TEMPLATE,SKIP,Transmit remains inhibited in test exports until a repeater and access tone are verified.
NSC-027,27,02 GMRS Repeater,GMRS,Generic GMRS repeater pair 5,GMRS RPT 5,RPT5,462.650000,467.650000,,,FM,HIGH,NO,GMRS; repeater permission and verified access tone required,TEMPLATE,SKIP,Transmit remains inhibited in test exports until a repeater and access tone are verified.
NSC-028,28,02 GMRS Repeater,GMRS,Generic GMRS repeater pair 6,GMRS RPT 6,RPT6,462.675000,467.675000,,,FM,HIGH,NO,GMRS; repeater permission and verified access tone required,TEMPLATE,SKIP,Transmit remains inhibited in test exports until a repeater and access tone are verified.
NSC-029,29,02 GMRS Repeater,GMRS,Generic GMRS repeater pair 7,GMRS RPT 7,RPT7,462.700000,467.700000,,,FM,HIGH,NO,GMRS; repeater permission and verified access tone required,TEMPLATE,SKIP,Transmit remains inhibited in test exports until a repeater and access tone are verified.
NSC-030,30,02 GMRS Repeater,GMRS,Generic GMRS repeater pair 8,GMRS RPT 8,RPT8,462.725000,467.725000,,,FM,HIGH,NO,GMRS; repeater permission and verified access tone required,TEMPLATE,SKIP,Transmit remains inhibited in test exports until a repeater and access tone are verified.
NSC-031,31,03 GMRS Local,GMRS,Local GMRS repeater slot 1,LOCAL GMRS 01,LGR01,,,,,NFM,LOW,YES,GMRS; verified repeater record required,RESERVED,SKIP,Reserved for a sourced and permission-checked local or travel repeater.
NSC-032,32,03 GMRS Local,GMRS,Local GMRS repeater slot 2,LOCAL GMRS 02,LGR02,,,,,NFM,LOW,YES,GMRS; verified repeater record required,RESERVED,SKIP,Reserved for a sourced and permission-checked local or travel repeater.
NSC-033,33,03 GMRS Local,GMRS,Local GMRS repeater slot 3,LOCAL GMRS 03,LGR03,,,,,NFM,LOW,YES,GMRS; verified repeater record required,RESERVED,SKIP,Reserved for a sourced and permission-checked local or travel repeater.
NSC-034,34,03 GMRS Local,GMRS,Local GMRS repeater slot 4,LOCAL GMRS 04,LGR04,,,,,NFM,LOW,YES,GMRS; verified repeater record required,RESERVED,SKIP,Reserved for a sourced and permission-checked local or travel repeater.
NSC-035,35,03 GMRS Local,GMRS,Local GMRS repeater slot 5,LOCAL GMRS 05,LGR05,,,,,NFM,LOW,YES,GMRS; verified repeater record required,RESERVED,SKIP,Reserved for a sourced and permission-checked local or travel repeater.
NSC-036,36,03 GMRS Local,GMRS,Local GMRS repeater slot 6,LOCAL GMRS 06,LGR06,,,,,NFM,LOW,YES,GMRS; verified repeater record required,RESERVED,SKIP,Reserved for a sourced and permission-checked local or travel repeater.
NSC-037,37,03 GMRS Local,GMRS,Local GMRS repeater slot 7,LOCAL GMRS 07,LGR07,,,,,NFM,LOW,YES,GMRS; verified repeater record required,RESERVED,SKIP,Reserved for a sourced and permission-checked local or travel repeater.
NSC-038,38,03 GMRS Local,GMRS,Local GMRS repeater slot 8,LOCAL GMRS 08,LGR08,,,,,NFM,LOW,YES,GMRS; verified repeater record required,RESERVED,SKIP,Reserved for a sourced and permission-checked local or travel repeater.
NSC-039,39,03 GMRS Local,GMRS,Local GMRS repeater slot 9,LOCAL GMRS 09,LGR09,,,,,NFM,LOW,YES,GMRS; verified repeater record required,RESERVED,SKIP,Reserved for a sourced and permission-checked local or travel repeater.
NSC-040,40,03 GMRS Local,GMRS,Local GMRS repeater slot 10,LOCAL GMRS 10,LGR10,,,,,NFM,LOW,YES,GMRS; verified repeater record required,RESERVED,SKIP,Reserved for a sourced and permission-checked local or travel repeater.
NSC-041,41,03 GMRS Local,GMRS,Local GMRS repeater slot 11,LOCAL GMRS 11,LGR11,,,,,NFM,LOW,YES,GMRS; verified repeater record required,RESERVED,SKIP,Reserved for a sourced and permission-checked local or travel repeater.
NSC-042,42,03 GMRS Local,GMRS,Local GMRS repeater slot 12,LOCAL GMRS 12,LGR12,,,,,NFM,LOW,YES,GMRS; verified repeater record required,RESERVED,SKIP,Reserved for a sourced and permission-checked local or travel repeater.
NSC-043,43,03 GMRS Local,GMRS,Local GMRS repeater slot 13,LOCAL GMRS 13,LGR13,,,,,NFM,LOW,YES,GMRS; verified repeater record required,RESERVED,SKIP,Reserved for a sourced and permission-checked local or travel repeater.
NSC-044,44,03 GMRS Local,GMRS,Local GMRS repeater slot 14,LOCAL GMRS 14,LGR14,,,,,NFM,LOW,YES,GMRS; verified repeater record required,RESERVED,SKIP,Reserved for a sourced and permission-checked local or travel repeater.
NSC-045,45,03 GMRS Local,GMRS,Local GMRS repeater slot 15,LOCAL GMRS 15,LGR15,,,,,NFM,LOW,YES,GMRS; verified repeater record required,RESERVED,SKIP,Reserved for a sourced and permission-checked local or travel repeater.
NSC-046,46,03 GMRS Local,GMRS,Local GMRS repeater slot 16,LOCAL GMRS 16,LGR16,,,,,NFM,LOW,YES,GMRS; verified repeater record required,RESERVED,SKIP,Reserved for a sourced and permission-checked local or travel repeater.
NSC-047,47,03 GMRS Local,GMRS,Local GMRS repeater slot 17,LOCAL GMRS 17,LGR17,,,,,NFM,LOW,YES,GMRS; verified repeater record required,RESERVED,SKIP,Reserved for a sourced and permission-checked local or travel repeater.
NSC-048,48,03 GMRS Local,GMRS,Local GMRS repeater slot 18,LOCAL GMRS 18,LGR18,,,,,NFM,LOW,YES,GMRS; verified repeater record required,RESERVED,SKIP,Reserved for a sourced and permission-checked local or travel repeater.
NSC-049,49,03 GMRS Local,GMRS,Local GMRS repeater slot 19,LOCAL GMRS 19,LGR19,,,,,NFM,LOW,YES,GMRS; verified repeater record required,RESERVED,SKIP,Reserved for a sourced and permission-checked local or travel repeater.
NSC-050,50,03 GMRS Local,GMRS,Local GMRS repeater slot 20,LOCAL GMRS 20,LGR20,,,,,NFM,LOW,YES,GMRS; verified repeater record required,RESERVED,SKIP,Reserved for a sourced and permission-checked local or travel repeater.
NSC-051,51,04 NOAA,NOAA,NOAA weather channel 1,NOAA WX 1,WX1,162.400000,,,,FM,LOW,YES,RECEIVE_ONLY,SELECTED,INCLUDE,Receive only.
NSC-052,52,04 NOAA,NOAA,NOAA weather channel 2,NOAA WX 2,WX2,162.425000,,,,FM,LOW,YES,RECEIVE_ONLY,SELECTED,INCLUDE,Receive only.
NSC-053,53,04 NOAA,NOAA,NOAA weather channel 3,NOAA WX 3,WX3,162.450000,,,,FM,LOW,YES,RECEIVE_ONLY,SELECTED,INCLUDE,Receive only.
NSC-054,54,04 NOAA,NOAA,NOAA weather channel 4,NOAA WX 4,WX4,162.475000,,,,FM,LOW,YES,RECEIVE_ONLY,SELECTED,INCLUDE,Receive only.
NSC-055,55,04 NOAA,NOAA,NOAA weather channel 5,NOAA WX 5,WX5,162.500000,,,,FM,LOW,YES,RECEIVE_ONLY,SELECTED,INCLUDE,Receive only.
NSC-056,56,04 NOAA,NOAA,NOAA weather channel 6,NOAA WX 6,WX6,162.525000,,,,FM,LOW,YES,RECEIVE_ONLY,SELECTED,INCLUDE,Receive only.
NSC-057,57,04 NOAA,NOAA,NOAA weather channel 7,NOAA WX 7,WX7,162.550000,,,,FM,LOW,YES,RECEIVE_ONLY,SELECTED,INCLUDE,Receive only.
NSC-058,58,05 MURS,MURS,MURS monitoring channel 1,MURS 1,MURS1,151.820000,,,,NFM,LOW,YES,RECEIVE_ONLY_IN_NSC_PROFILES,SELECTED,INCLUDE,Receive only in the baseline profiles.
NSC-059,59,05 MURS,MURS,MURS monitoring channel 2,MURS 2,MURS2,151.880000,,,,NFM,LOW,YES,RECEIVE_ONLY_IN_NSC_PROFILES,SELECTED,INCLUDE,Receive only in the baseline profiles.
NSC-060,60,05 MURS,MURS,MURS monitoring channel 3,MURS 3,MURS3,151.940000,,,,NFM,LOW,YES,RECEIVE_ONLY_IN_NSC_PROFILES,SELECTED,INCLUDE,Receive only in the baseline profiles.
NSC-061,61,05 MURS,MURS,MURS monitoring channel 4,MURS 4,MURS4,154.570000,,,,NFM,LOW,YES,RECEIVE_ONLY_IN_NSC_PROFILES,SELECTED,INCLUDE,Receive only in the baseline profiles.
NSC-062,62,05 MURS,MURS,MURS monitoring channel 5,MURS 5,MURS5,154.600000,,,,NFM,LOW,YES,RECEIVE_ONLY_IN_NSC_PROFILES,SELECTED,INCLUDE,Receive only in the baseline profiles.
NSC-063,63,06 Amateur Simplex,AMATEUR,2 meter national simplex calling,2M CALL,2MCALL,146.520000,146.520000,,,FM,HIGH,NO,APPROPRIATE_AMATEUR_LICENSE,SELECTED,INCLUDE,Frequency selected; transmit authorization remains the operator's responsibility.
NSC-064,64,06 Amateur Simplex,AMATEUR,70 centimeter national simplex calling,70CM CALL,70CALL,446.000000,446.000000,,,FM,HIGH,NO,APPROPRIATE_AMATEUR_LICENSE,SELECTED,INCLUDE,Frequency selected; transmit authorization remains the operator's responsibility.
NSC-065,65,06 Amateur Simplex,AMATEUR,2 meter simplex candidate 1,2M SIMPLEX 1,2MSX1,146.550000,146.550000,,,FM,HIGH,NO,APPROPRIATE_AMATEUR_LICENSE,TEMPLATE,SKIP,Candidate frequency; coordinate and field-validate before enabling.
NSC-066,66,06 Amateur Simplex,AMATEUR,2 meter simplex candidate 2,2M SIMPLEX 2,2MSX2,146.580000,146.580000,,,FM,HIGH,NO,APPROPRIATE_AMATEUR_LICENSE,TEMPLATE,SKIP,Candidate frequency; coordinate and field-validate before enabling.
NSC-067,67,06 Amateur Simplex,AMATEUR,2 meter simplex candidate 3,2M SIMPLEX 3,2MSX3,147.420000,147.420000,,,FM,HIGH,NO,APPROPRIATE_AMATEUR_LICENSE,TEMPLATE,SKIP,Candidate frequency; coordinate and field-validate before enabling.
NSC-068,68,06 Amateur Simplex,AMATEUR,70 centimeter simplex candidate 1,70CM SIMPLEX 1,70SX1,446.025000,446.025000,,,FM,HIGH,NO,APPROPRIATE_AMATEUR_LICENSE,TEMPLATE,SKIP,Candidate frequency; coordinate and field-validate before enabling.
NSC-069,69,06 Amateur Simplex,AMATEUR,70 centimeter simplex candidate 2,70CM SIMPLEX 2,70SX2,446.050000,446.050000,,,FM,HIGH,NO,APPROPRIATE_AMATEUR_LICENSE,TEMPLATE,SKIP,Candidate frequency; coordinate and field-validate before enabling.
NSC-070,70,06 Amateur Simplex,AMATEUR,70 centimeter simplex candidate 3,70CM SIMPLEX 3,70SX3,446.075000,446.075000,,,FM,HIGH,NO,APPROPRIATE_AMATEUR_LICENSE,TEMPLATE,SKIP,Candidate frequency; coordinate and field-validate before enabling.
NSC-071,71,06 Amateur Simplex,AMATEUR,Reserved amateur simplex slot 9,AMATEUR SLOT 09,AS09,,,,,NFM,LOW,YES,APPROPRIATE_AMATEUR_LICENSE,RESERVED,SKIP,Reserved; no frequency assigned.
NSC-072,72,06 Amateur Simplex,AMATEUR,Reserved amateur simplex slot 10,AMATEUR SLOT 10,AS10,,,,,NFM,LOW,YES,APPROPRIATE_AMATEUR_LICENSE,RESERVED,SKIP,Reserved; no frequency assigned.
NSC-073,73,06 Amateur Simplex,AMATEUR,Reserved amateur simplex slot 11,AMATEUR SLOT 11,AS11,,,,,NFM,LOW,YES,APPROPRIATE_AMATEUR_LICENSE,RESERVED,SKIP,Reserved; no frequency assigned.
NSC-074,74,06 Amateur Simplex,AMATEUR,Reserved amateur simplex slot 12,AMATEUR SLOT 12,AS12,,,,,NFM,LOW,YES,APPROPRIATE_AMATEUR_LICENSE,RESERVED,SKIP,Reserved; no frequency assigned.
NSC-075,75,06 Amateur Simplex,AMATEUR,Reserved amateur simplex slot 13,AMATEUR SLOT 13,AS13,,,,,NFM,LOW,YES,APPROPRIATE_AMATEUR_LICENSE,RESERVED,SKIP,Reserved; no frequency assigned.
NSC-076,76,06 Amateur Simplex,AMATEUR,Reserved amateur simplex slot 14,AMATEUR SLOT 14,AS14,,,,,NFM,LOW,YES,APPROPRIATE_AMATEUR_LICENSE,RESERVED,SKIP,Reserved; no frequency assigned.
NSC-077,77,06 Amateur Simplex,AMATEUR,Reserved amateur simplex slot 15,AMATEUR SLOT 15,AS15,,,,,NFM,LOW,YES,APPROPRIATE_AMATEUR_LICENSE,RESERVED,SKIP,Reserved; no frequency assigned.
NSC-078,78,06 Amateur Simplex,AMATEUR,Reserved amateur simplex slot 16,AMATEUR SLOT 16,AS16,,,,,NFM,LOW,YES,APPROPRIATE_AMATEUR_LICENSE,RESERVED,SKIP,Reserved; no frequency assigned.
NSC-079,79,06 Amateur Simplex,AMATEUR,Reserved amateur simplex slot 17,AMATEUR SLOT 17,AS17,,,,,NFM,LOW,YES,APPROPRIATE_AMATEUR_LICENSE,RESERVED,SKIP,Reserved; no frequency assigned.
NSC-080,80,06 Amateur Simplex,AMATEUR,Reserved amateur simplex slot 18,AMATEUR SLOT 18,AS18,,,,,NFM,LOW,YES,APPROPRIATE_AMATEUR_LICENSE,RESERVED,SKIP,Reserved; no frequency assigned.
NSC-081,81,07 Amateur Local Repeater,AMATEUR,Local amateur repeater slot 1,LOCAL HAM 01,LAR01,,,,,NFM,LOW,YES,APPROPRIATE_AMATEUR_LICENSE; verified repeater record required,RESERVED,SKIP,Reserved for a sourced and field-checked repeater.
NSC-082,82,07 Amateur Local Repeater,AMATEUR,Local amateur repeater slot 2,LOCAL HAM 02,LAR02,,,,,NFM,LOW,YES,APPROPRIATE_AMATEUR_LICENSE; verified repeater record required,RESERVED,SKIP,Reserved for a sourced and field-checked repeater.
NSC-083,83,07 Amateur Local Repeater,AMATEUR,Local amateur repeater slot 3,LOCAL HAM 03,LAR03,,,,,NFM,LOW,YES,APPROPRIATE_AMATEUR_LICENSE; verified repeater record required,RESERVED,SKIP,Reserved for a sourced and field-checked repeater.
NSC-084,84,07 Amateur Local Repeater,AMATEUR,Local amateur repeater slot 4,LOCAL HAM 04,LAR04,,,,,NFM,LOW,YES,APPROPRIATE_AMATEUR_LICENSE; verified repeater record required,RESERVED,SKIP,Reserved for a sourced and field-checked repeater.
NSC-085,85,07 Amateur Local Repeater,AMATEUR,Local amateur repeater slot 5,LOCAL HAM 05,LAR05,,,,,NFM,LOW,YES,APPROPRIATE_AMATEUR_LICENSE; verified repeater record required,RESERVED,SKIP,Reserved for a sourced and field-checked repeater.
NSC-086,86,07 Amateur Local Repeater,AMATEUR,Local amateur repeater slot 6,LOCAL HAM 06,LAR06,,,,,NFM,LOW,YES,APPROPRIATE_AMATEUR_LICENSE; verified repeater record required,RESERVED,SKIP,Reserved for a sourced and field-checked repeater.
NSC-087,87,07 Amateur Local Repeater,AMATEUR,Local amateur repeater slot 7,LOCAL HAM 07,LAR07,,,,,NFM,LOW,YES,APPROPRIATE_AMATEUR_LICENSE; verified repeater record required,RESERVED,SKIP,Reserved for a sourced and field-checked repeater.
NSC-088,88,07 Amateur Local Repeater,AMATEUR,Local amateur repeater slot 8,LOCAL HAM 08,LAR08,,,,,NFM,LOW,YES,APPROPRIATE_AMATEUR_LICENSE; verified repeater record required,RESERVED,SKIP,Reserved for a sourced and field-checked repeater.
NSC-089,89,07 Amateur Local Repeater,AMATEUR,Local amateur repeater slot 9,LOCAL HAM 09,LAR09,,,,,NFM,LOW,YES,APPROPRIATE_AMATEUR_LICENSE; verified repeater record required,RESERVED,SKIP,Reserved for a sourced and field-checked repeater.
NSC-090,90,07 Amateur Local Repeater,AMATEUR,Local amateur repeater slot 10,LOCAL HAM 10,LAR10,,,,,NFM,LOW,YES,APPROPRIATE_AMATEUR_LICENSE; verified repeater record required,RESERVED,SKIP,Reserved for a sourced and field-checked repeater.
NSC-091,91,07 Amateur Local Repeater,AMATEUR,Local amateur repeater slot 11,LOCAL HAM 11,LAR11,,,,,NFM,LOW,YES,APPROPRIATE_AMATEUR_LICENSE; verified repeater record required,RESERVED,SKIP,Reserved for a sourced and field-checked repeater.
NSC-092,92,07 Amateur Local Repeater,AMATEUR,Local amateur repeater slot 12,LOCAL HAM 12,LAR12,,,,,NFM,LOW,YES,APPROPRIATE_AMATEUR_LICENSE; verified repeater record required,RESERVED,SKIP,Reserved for a sourced and field-checked repeater.
NSC-093,93,07 Amateur Local Repeater,AMATEUR,Local amateur repeater slot 13,LOCAL HAM 13,LAR13,,,,,NFM,LOW,YES,APPROPRIATE_AMATEUR_LICENSE; verified repeater record required,RESERVED,SKIP,Reserved for a sourced and field-checked repeater.
NSC-094,94,07 Amateur Local Repeater,AMATEUR,Local amateur repeater slot 14,LOCAL HAM 14,LAR14,,,,,NFM,LOW,YES,APPROPRIATE_AMATEUR_LICENSE; verified repeater record required,RESERVED,SKIP,Reserved for a sourced and field-checked repeater.
NSC-095,95,07 Amateur Local Repeater,AMATEUR,Local amateur repeater slot 15,LOCAL HAM 15,LAR15,,,,,NFM,LOW,YES,APPROPRIATE_AMATEUR_LICENSE; verified repeater record required,RESERVED,SKIP,Reserved for a sourced and field-checked repeater.
NSC-096,96,07 Amateur Local Repeater,AMATEUR,Local amateur repeater slot 16,LOCAL HAM 16,LAR16,,,,,NFM,LOW,YES,APPROPRIATE_AMATEUR_LICENSE; verified repeater record required,RESERVED,SKIP,Reserved for a sourced and field-checked repeater.
NSC-097,97,07 Amateur Local Repeater,AMATEUR,Local amateur repeater slot 17,LOCAL HAM 17,LAR17,,,,,NFM,LOW,YES,APPROPRIATE_AMATEUR_LICENSE; verified repeater record required,RESERVED,SKIP,Reserved for a sourced and field-checked repeater.
NSC-098,98,07 Amateur Local Repeater,AMATEUR,Local amateur repeater slot 18,LOCAL HAM 18,LAR18,,,,,NFM,LOW,YES,APPROPRIATE_AMATEUR_LICENSE; verified repeater record required,RESERVED,SKIP,Reserved for a sourced and field-checked repeater.
NSC-099,99,07 Amateur Local Repeater,AMATEUR,Local amateur repeater slot 19,LOCAL HAM 19,LAR19,,,,,NFM,LOW,YES,APPROPRIATE_AMATEUR_LICENSE; verified repeater record required,RESERVED,SKIP,Reserved for a sourced and field-checked repeater.
NSC-100,100,07 Amateur Local Repeater,AMATEUR,Local amateur repeater slot 20,LOCAL HAM 20,LAR20,,,,,NFM,LOW,YES,APPROPRIATE_AMATEUR_LICENSE; verified repeater record required,RESERVED,SKIP,Reserved for a sourced and field-checked repeater.
NSC-101,101,07 Amateur Local Repeater,AMATEUR,Local amateur repeater slot 21,LOCAL HAM 21,LAR21,,,,,NFM,LOW,YES,APPROPRIATE_AMATEUR_LICENSE; verified repeater record required,RESERVED,SKIP,Reserved for a sourced and field-checked repeater.
NSC-102,102,07 Amateur Local Repeater,AMATEUR,Local amateur repeater slot 22,LOCAL HAM 22,LAR22,,,,,NFM,LOW,YES,APPROPRIATE_AMATEUR_LICENSE; verified repeater record required,RESERVED,SKIP,Reserved for a sourced and field-checked repeater.
NSC-103,103,07 Amateur Local Repeater,AMATEUR,Local amateur repeater slot 23,LOCAL HAM 23,LAR23,,,,,NFM,LOW,YES,APPROPRIATE_AMATEUR_LICENSE; verified repeater record required,RESERVED,SKIP,Reserved for a sourced and field-checked repeater.
NSC-104,104,07 Amateur Local Repeater,AMATEUR,Local amateur repeater slot 24,LOCAL HAM 24,LAR24,,,,,NFM,LOW,YES,APPROPRIATE_AMATEUR_LICENSE; verified repeater record required,RESERVED,SKIP,Reserved for a sourced and field-checked repeater.
NSC-105,105,07 Amateur Local Repeater,AMATEUR,Local amateur repeater slot 25,LOCAL HAM 25,LAR25,,,,,NFM,LOW,YES,APPROPRIATE_AMATEUR_LICENSE; verified repeater record required,RESERVED,SKIP,Reserved for a sourced and field-checked repeater.
NSC-106,106,07 Amateur Local Repeater,AMATEUR,Local amateur repeater slot 26,LOCAL HAM 26,LAR26,,,,,NFM,LOW,YES,APPROPRIATE_AMATEUR_LICENSE; verified repeater record required,RESERVED,SKIP,Reserved for a sourced and field-checked repeater.
NSC-107,107,07 Amateur Local Repeater,AMATEUR,Local amateur repeater slot 27,LOCAL HAM 27,LAR27,,,,,NFM,LOW,YES,APPROPRIATE_AMATEUR_LICENSE; verified repeater record required,RESERVED,SKIP,Reserved for a sourced and field-checked repeater.
NSC-108,108,07 Amateur Local Repeater,AMATEUR,Local amateur repeater slot 28,LOCAL HAM 28,LAR28,,,,,NFM,LOW,YES,APPROPRIATE_AMATEUR_LICENSE; verified repeater record required,RESERVED,SKIP,Reserved for a sourced and field-checked repeater.
NSC-109,109,07 Amateur Local Repeater,AMATEUR,Local amateur repeater slot 29,LOCAL HAM 29,LAR29,,,,,NFM,LOW,YES,APPROPRIATE_AMATEUR_LICENSE; verified repeater record required,RESERVED,SKIP,Reserved for a sourced and field-checked repeater.
NSC-110,110,07 Amateur Local Repeater,AMATEUR,Local amateur repeater slot 30,LOCAL HAM 30,LAR30,,,,,NFM,LOW,YES,APPROPRIATE_AMATEUR_LICENSE; verified repeater record required,RESERVED,SKIP,Reserved for a sourced and field-checked repeater.
NSC-111,111,07 Amateur Local Repeater,AMATEUR,Local amateur repeater slot 31,LOCAL HAM 31,LAR31,,,,,NFM,LOW,YES,APPROPRIATE_AMATEUR_LICENSE; verified repeater record required,RESERVED,SKIP,Reserved for a sourced and field-checked repeater.
NSC-112,112,07 Amateur Local Repeater,AMATEUR,Local amateur repeater slot 32,LOCAL HAM 32,LAR32,,,,,NFM,LOW,YES,APPROPRIATE_AMATEUR_LICENSE; verified repeater record required,RESERVED,SKIP,Reserved for a sourced and field-checked repeater.
NSC-113,113,08 Marine Monitor,MARINE,Marine channel 16 distress and calling monitor,MARINE 16,MAR16,156.800000,,,,NFM,LOW,YES,RECEIVE_ONLY,SELECTED,INCLUDE,Receive-only monitoring record.
NSC-114,114,08 Marine Monitor,MARINE,Marine channel 22A liaison monitor,MARINE 22A,MR22A,157.100000,,,,NFM,LOW,YES,RECEIVE_ONLY,SELECTED,INCLUDE,Receive-only monitoring record.
NSC-115,115,08 Marine Monitor,MARINE,Reserved marine monitoring slot 3,MARINE SLOT 03,MAR03,,,,,NFM,LOW,YES,RECEIVE_ONLY,RESERVED,SKIP,Reserved; frequency requires verification before assignment.
NSC-116,116,08 Marine Monitor,MARINE,Reserved marine monitoring slot 4,MARINE SLOT 04,MAR04,,,,,NFM,LOW,YES,RECEIVE_ONLY,RESERVED,SKIP,Reserved; frequency requires verification before assignment.
NSC-117,117,08 Marine Monitor,MARINE,Reserved marine monitoring slot 5,MARINE SLOT 05,MAR05,,,,,NFM,LOW,YES,RECEIVE_ONLY,RESERVED,SKIP,Reserved; frequency requires verification before assignment.
NSC-118,118,08 Marine Monitor,MARINE,Reserved marine monitoring slot 6,MARINE SLOT 06,MAR06,,,,,NFM,LOW,YES,RECEIVE_ONLY,RESERVED,SKIP,Reserved; frequency requires verification before assignment.
NSC-119,119,08 Marine Monitor,MARINE,Reserved marine monitoring slot 7,MARINE SLOT 07,MAR07,,,,,NFM,LOW,YES,RECEIVE_ONLY,RESERVED,SKIP,Reserved; frequency requires verification before assignment.
NSC-120,120,08 Marine Monitor,MARINE,Reserved marine monitoring slot 8,MARINE SLOT 08,MAR08,,,,,NFM,LOW,YES,RECEIVE_ONLY,RESERVED,SKIP,Reserved; frequency requires verification before assignment.
NSC-121,121,09 Railroad Monitor,RAILROAD,Railroad AAR channel 07 monitor,RAIL AAR 07,RAIL07,160.215000,,,,NFM,LOW,YES,RECEIVE_ONLY,SELECTED,INCLUDE,Receive-only monitoring record retained from the prior plan.
NSC-122,122,09 Railroad Monitor,RAILROAD,Reserved railroad monitoring slot 2,RAIL SLOT 02,RAIL02,,,,,NFM,LOW,YES,RECEIVE_ONLY,RESERVED,SKIP,Reserved; frequency requires verification before assignment.
NSC-123,123,09 Railroad Monitor,RAILROAD,Reserved railroad monitoring slot 3,RAIL SLOT 03,RAIL03,,,,,NFM,LOW,YES,RECEIVE_ONLY,RESERVED,SKIP,Reserved; frequency requires verification before assignment.
NSC-124,124,09 Railroad Monitor,RAILROAD,Reserved railroad monitoring slot 4,RAIL SLOT 04,RAIL04,,,,,NFM,LOW,YES,RECEIVE_ONLY,RESERVED,SKIP,Reserved; frequency requires verification before assignment.
NSC-125,125,09 Railroad Monitor,RAILROAD,Reserved railroad monitoring slot 5,RAIL SLOT 05,RAIL05,,,,,NFM,LOW,YES,RECEIVE_ONLY,RESERVED,SKIP,Reserved; frequency requires verification before assignment.
NSC-126,126,09 Railroad Monitor,RAILROAD,Reserved railroad monitoring slot 6,RAIL SLOT 06,RAIL06,,,,,NFM,LOW,YES,RECEIVE_ONLY,RESERVED,SKIP,Reserved; frequency requires verification before assignment.
NSC-127,127,09 Railroad Monitor,RAILROAD,Reserved railroad monitoring slot 7,RAIL SLOT 07,RR07,,,,,NFM,LOW,YES,RECEIVE_ONLY,RESERVED,SKIP,Reserved; frequency requires verification before assignment.
NSC-128,128,09 Railroad Monitor,RAILROAD,Reserved railroad monitoring slot 8,RAIL SLOT 08,RAIL08,,,,,NFM,LOW,YES,RECEIVE_ONLY,RESERVED,SKIP,Reserved; frequency requires verification before assignment.
